{
  "project_info": {
    "project_number": "111703141095",
    "project_id": "nxthotspot",
    "storage_bucket": "nxthotspot.appspot.com"
  },
  "client": [
    {
      "client_info": {
        "mobilesdk_app_id": "1:111703141095:android:e78eed89ff63c28ed81042",
        "android_client_info": {
          "package_name": "com.example.nxthotspot"
        }
      },
      "oauth_client": [
        {
          "client_id": "111703141095-o0h9lb19vnhmo38l83b5vt458qhn5ugd.apps.googleusercontent.com",
          "client_type": 3
        }
      ],
      "api_key": [
        {
          "current_key": "AIzaSyABVeWpkC81ohq27HggoxU9c7whxsn0-Uk"
        }
      ],
      "services": {
        "appinvite_service": {
          "other_platform_oauth_client": [
            {
              "client_id": "111703141095-o0h9lb19vnhmo38l83b5vt458qhn5ugd.apps.googleusercontent.com",
              "client_type": 3
            }
          ]
        }
      }
    }
  ],
  "configuration_version": "1"
}